lat,lon,frac,whole,uuid
45.513179,-122.631399,232.592531,"38",71ec93a1
45.450732,-122.573285,23.353047,"61",1e77cf67
45.52113,-122.647229,111.972016,"91",d8bb0bd6
45.541801,-122.641579,238.066836,"84",d8932a64
45.511167,-122.679095,222.445438,"67",e41835db
45.511323,-122.466089,140.995414,"23",f4b599f6
45.60429,-122.627497,28.837711,"93",c8b981b6
45.549683,-122.575028,49.745762,"2",77214a80
45.567003,-122.583945,86.579425,"33",e2083881
45.53812,-122.625674,282.553677,"81",26835b50
45.534584,-122.573843,92.255184,"66",bb4c0216
45.462348,-122.68293,134.702011,"6",21771b66
45.448506,-122.566848,49.857301,"75",6ad0dbed
45.478116,-122.670431,351.079099,"75",cfd1d748
45.552434,-122.650783,221.347096,"94",47586fd5
45.477773,-122.653463,227.662112,"98",f9e36696
45.49313,-122.557706,178.273375,"33",1e4d41b0
45.508451,-122.612965,20.468251,"16",0f5dfdd8
45.511188,-122.643207,8.919268,"19",d12f038d
45.452835,-122.573854,73.190351,"13",5eb09667
45.503721,-122.680115,97.372342,"19",c47ca9b0
45.493967,-122.587132,234.764611,"38","42952011"
45.578888,-122.56332,148.464051,"2",2c088331
45.492383,-122.641437,217.324442,"2",d181b19e
45.577873,-122.671017,172.145083,"45",16e6a2af
45.568201,-122.436056,87.798943,"71",06ec83ee
45.561837,-122.570335,87.982226,"87",0a80120b
45.483665,-122.54956,76.571124,"26","2d945171"
45.563421,-122.563265,47.675096,"81",ce6f1ff3
45.535133,-122.630387,119.766233,"24",d3d9e816
45.542037,-122.66007,42.012192,"96",bbbb9a8a
45.530935,-122.640259,196.850392,"10",fe2867c9
45.52684,-122.656158,59.551813,"21","79504535"
45.554167,-122.68459,118.124116,"4",dc963bcf
45.499359,-122.577216,38.434371,"31",be613341
45.539475,-122.664513,121.402736,"28",97a3c240
45.527921,-122.636028,79.572823,"42",f45c541d
45.549762,-122.6683,77.193222,"62",f1268e41
45.516474,-122.57958,211.900111,"2",2dc3d382
45.439091,-122.633277,26.815389,"99",caed70f6
45.538869,-122.574448,162.891997,"0",fe427c40
45.493159,-122.547335,59.394403,"66",7299dd68
45.456897,-122.554571,87.40935,"1",796cb1ab
45.567549,-122.672375,346.598524,"85",3d670ce1
45.506578,-122.568544,36.768538,"27",f2368bb4
45.473304,-122.533631,2.73628,"86",722b79e3
45.58502,-122.628641,61.056148,"87",e0da2d10
45.44475,-122.589333,37.669324,"12",22036c97
45.592149,-122.638098,248.342024,"73",d0a43209
45.562065,-122.681296,168.699209,"17",ac8c57c0
45.49045,-122.625824,70.44999,"15",8370ea28
45.509197,-122.672307,4.234414,"24",af7ec993
45.521734,-122.589465,9.874739,"98",5366ee7a
45.549641,-122.675851,2.820573,"74",67b788e1
45.515178,-122.612342,104.083065,"92",e6752c56
45.452356,-122.625261,124.427897,"45",92d7f917
45.445843,-122.663531,33.510711,"16",fd9a499d
45.552695,-122.592661,19.830933,"20",c97e0513
45.527756,-122.665191,210.416802,"31",93bded2a
45.519676,-122.675171,82.837926,"52",c9ea392a
45.516503,-122.671799,324.499853,"97",f6137e52
45.596802,-122.529587,157.221661,"59",58b15723
45.522569,-122.642246,32.085139,"58",dbb17190
45.469929,-122.597955,122.753999,"23",a04d70a6
45.509786,-122.567471,4.582734,"0",30029fde
45.535094,-122.608866,113.472423,"44",c52116fa
45.558134,-122.559175,232.204389,"78",b499f333
45.51216,-122.617348,38.792015,"14",f884ad0d
45.59747,-122.667228,109.147671,"12",5c758885
45.449902,-122.642101,117.397073,"62",3dcd7407
45.546432,-122.632515,20.173469,"6",0631fb62
45.469017,-122.668801,80.305859,"50",213980ec
45.534966,-122.618941,161.868987,"42",f9bcd678
45.553341,-122.613401,61.900022,"8",25854a7a
45.56159,-122.519667,6.212049,"56",129519fd
45.560703,-122.593679,171.465136,"54",2c1354af
45.460294,-122.669737,113.837364,"11",f6c4fc17
45.440483,-122.587511,202.413067,"9",5f567c7d
45.538944,-122.659872,97.619817,"98",22d0be1c
45.487019,-122.65145,115.111008,"71",76c9df94
45.462675,-122.681082,26.35838,"35",c282317f
45.482214,-122.564804,123.835007,"90",06205d3d
45.532043,-122.593,114.756836,"95",852b91aa
45.52906,-122.614694,167.680223,"90",9c9567f6
45.534762,-122.650629,64.418578,"20",f0763e58
45.541869,-122.621207,107.998959,"42",4737579b
45.528903,-122.567347,75.076054,"89","93589843"
45.523614,-122.544479,193.087125,"92",fe16724e
45.481691,-122.614419,109.289667,"91",ad22a8b8
45.605632,-122.576772,87.101225,"47",8592f81f
45.542361,-122.573434,230.427635,"86",e567536a
45.521836,-122.681684,81.115235,"72",1151a3a1
45.492647,-122.567737,27.256321,"69",2917af57
45.528502,-122.680982,93.277957,"47",0a95ded3
45.455414,-122.623498,370.360396,"67",f48793f9
45.501504,-122.564667,160.513649,"49",41fb3a69
45.503901,-122.676468,42.325082,"53",9c559f2c
45.597213,-122.667541,164.945214,"95",3c3d8dba
45.494406,-122.601655,72.189511,"43",d93bdcd5
45.466855,-122.618023,322.063125,"71",33a288aa
45.501161,-122.533136,56.454204,"51","58267438"
45.558173,-122.639572,144.216867,"1",c67492ca
45.446997,-122.592069,102.812241,"44",0b499237
45.480653,-122.553812,175.07123,"44",d5eb546c
45.476217,-122.632617,143.925882,"82",aaf4bd63
45.482063,-122.647308,97.213322,"7",15cf4be2
45.542567,-122.639075,167.753396,"69",bbbba965
45.510058,-122.628885,240.511016,"77","61062991"
45.517183,-122.561411,112.069553,"17",2d4dbc39
45.500383,-122.661442,170.852216,"10",fc60fbd9
45.463103,-122.641105,9.316407,"32",4c9091d4
45.513652,-122.626016,26.904529,"61",301d8ce0
45.571233,-122.538316,26.446235,"85","05632180"
45.586927,-122.681612,16.137723,"70",74c3787c
45.566423,-122.659666,150.487136,"48",b75129f7
45.608934,-122.596006,38.524722,"3","88161424"
45.537774,-122.625339,248.256602,"74","17260487"
45.525565,-122.672277,128.476721,"56",3ff53e12
45.555542,-122.63202,112.679322,"14","37806659"
45.521823,-122.633187,125.128515,"60",86b747a9
45.506383,-122.531167,120.196533,"65",e15b5602
45.510981,-122.659007,22.566563,"14",1ba20cfb
45.487235,-122.588455,19.631281,"34",679a371f
45.502998,-122.681777,77.0427,"29",840ae812
45.477854,-122.613892,292.897245,"46",286b5c5e
45.466549,-122.67721,206.631105,"22",d10f2de0
45.558627,-122.616414,46.308187,"9",227254ed
45.53679,-122.563729,48.834878,"22",6b3bad47
45.425677,-122.576962,17.746544,"22",3d8eca8a
45.448902,-122.593862,8.09458,"94",5aabd91b
45.56156,-122.633109,141.156114,"61","82940589"
45.514851,-122.675316,14.051275,"62",da56e1c6
45.557416,-122.661216,125.453065,"18",a1a10b02
45.519228,-122.681999,99.450531,"8",8de6200f
45.502377,-122.553929,190.564559,"64",534a1f29
45.581107,-122.662178,144.111851,"73","37032811"
45.520773,-122.673469,19.421568,"17",1599309a
45.534485,-122.639789,163.213058,"39",c4fe50f3
45.54885,-122.548994,147.080562,"44",84f700c9
45.495632,-122.633942,94.880381,"1",a7e04dc6
45.477591,-122.622576,137.29557,"60",d17a430d
45.538618,-122.651407,124.943327,"91",487911ab
45.472992,-122.550245,101.16594,"9",924d23e2
45.502699,-122.612299,10.112683,"67",838f0908
45.490868,-122.553264,244.871002,"2",e9b7fe94
45.575654,-122.56495,251.044027,"96",c46dbd53
45.58961,-122.615433,235.935829,"29",311faa76
45.60986,-122.661721,86.644526,"50",dc475e27
45.552645,-122.655306,25.056215,"30",9e9a1295
45.497494,-122.568371,83.312317,"28",27c803c1
45.550016,-122.624373,45.374241,"68",bcbf9ddb
45.561108,-122.663323,112.201735,"95",99005b03
45.595031,-122.626419,109.184827,"60",7360d88d
45.583336,-122.605602,227.374126,"53",515dca15
45.5193,-122.685123,57.513057,"46",8696b37a
45.486229,-122.589154,282.478726,"45",6b858522
45.564208,-122.576666,188.683684,"61",65001fa2
45.582437,-122.473788,91.757242,"91",e69357c1
45.575337,-122.581569,199.600965,"99",fd7f233b
45.47895,-122.586629,31.298969,"6","16539891"
45.479288,-122.6433,110.415306,"36",31a6804a
45.539593,-122.585591,210.860776,"76",7d1f54cc
45.557132,-122.678403,63.957766,"89",a97492e6
45.436521,-122.569094,106.756169,"85",d03e18ad
45.496134,-122.675424,45.845341,"39","095620e3"
45.538205,-122.595322,7.432656,"28",d5618d8b
45.554492,-122.648562,183.127865,"75",4eb740ea
45.534875,-122.63123,76.573417,"14",6a2379f7
45.54447,-122.466995,81.476737,"41",f09911e2
45.545128,-122.602784,184.053792,"97",f347f2f6
45.509812,-122.577693,89.768865,"96",79cfdab5
45.509149,-122.680642,293.068406,"60",6b444478
45.479823,-122.651316,168.408774,"19",bb4ba055
45.53894,-122.549278,111.665042,"75",c0da59fa
45.579424,-122.620337,294.820589,"25",65eb39c0
45.536527,-122.653429,18.526969,"23",f6124683
45.599651,-122.573159,11.295802,"79",66c404d6
45.483165,-122.59541,68.286908,"39",5e5c8a1d
45.473172,-122.684333,124.412896,"96",484bbc8a
45.432124,-122.622851,53.449689,"0",0eecdd6e
45.524273,-122.435878,316.930854,"21",dbcf719e
45.589,-122.597664,13.442893,"87",eb8cbf0b
45.483095,-122.645788,130.953764,"81",8235b51d
45.540848,-122.647851,145.479395,"35",59dab564
45.461734,-122.634374,6.029136,"27",30fe1948
45.46296,-122.645713,26.882451,"42",4fa4d8f9
45.53974,-122.684878,221.805789,"11",40a75272
45.572481,-122.595639,140.732414,"97",ea6bae2a
45.496672,-122.623745,298.919819,"29",db146602
45.543202,-122.659737,10.047807,"87",b67866f3
45.495969,-122.560292,136.777962,"59",b9716501
45.490125,-122.537939,1.089105,"19",30a66bb0
45.542271,-122.588604,66.591116,"65",956397be
45.54882,-122.64197,47.600235,"16",8209d9cf
45.573615,-122.677143,86.975079,"64",0e81c8fa
45.547035,-122.614693,131.355808,"85",6be55581
45.533782,-122.646316,55.123708,"48",62de6553
45.540957,-122.675841,107.912066,"68",60d92e13
45.523585,-122.585685,95.125139,"98",d6c35379
45.46158,-122.605785,36.235776,"25",5da5c4ca
45.439849,-122.542923,4.489341,"6",e1a93315
45.549694,-122.678748,104.543371,"70",516c3e25
45.413996,-122.663826,234.365507,"93",2023d44d
45.55876,-122.580205,175.005469,"9",bbc2317e
45.506494,-122.541026,65.558098,"45",5684f51a
45.500198,-122.636512,98.883814,"85",8c7ec573
45.49628,-122.56102,86.840404,"46",5e9303af
45.538768,-122.650749,77.485663,"20",86f6faa0
45.523768,-122.512104,198.452577,"84",1428e86e
45.518089,-122.650948,252.690476,"0",bf4cc47c
45.548029,-122.662654,122.575227,"23",5b6efe5b
45.558987,-122.672781,224.992318,"76",7b880f48
45.425591,-122.674632,50.574513,"57",7dc32d94
45.603681,-122.619971,10.303691,"33",4ec8585c
45.560612,-122.570731,5.239999,"71",7c86f9af
45.526458,-122.593948,292.371515,"38",e9d2f3e0
45.468201,-122.544835,180.60269,"35",1a8010d0
45.531301,-122.682966,23.077769,"54",53eb6b36
45.546607,-122.610571,306.771324,"40",2acd405f
45.577878,-122.649241,97.701841,"74",9ca4417b
45.516487,-122.681342,79.208343,"25",194cbafd
45.539873,-122.634811,111.909326,"77",37b71351
45.476764,-122.650461,77.704474,"19",c43e3f47
45.486758,-122.669585,22.583581,"30",adbd9f9f
45.502289,-122.628376,226.849409,"15",e2d224cc
45.565141,-122.666195,176.081433,"63",d797f635
45.576717,-122.514374,158.981093,"28",648d95b5
45.516055,-122.544926,142.891181,"24",e84e6c24
45.492562,-122.654372,28.657226,"23",c9f7da1b
45.565959,-122.619341,15.317139,"27",fed257e3
45.499116,-122.552162,92.706013,"93",1de3bc45
45.576395,-122.569755,193.887855,"18",81d3c1f0
45.445793,-122.646648,87.805752,"58",d5fa3eeb
45.555303,-122.515129,239.898881,"32",e9fcdf08
45.553668,-122.617729,11.00244,"49",7c0497f0
45.544636,-122.636258,17.246627,"13",70e55bf8
45.499609,-122.627627,37.071339,"24",3f0e9e9c
45.461165,-122.661963,164.730311,"60",7c00174b
45.516104,-122.638815,7.100427,"67",3411fb50
45.592056,-122.671351,36.613384,"56",54d31c17
45.475904,-122.619751,59.384979,"25",48d321ff
45.556607,-122.626451,22.495731,"61","87316121"
45.501321,-122.540877,92.375506,"35",8e1fabce
45.44233,-122.665393,53.628332,"11",93fc1521
45.53937,-122.616852,28.519333,"54",fa90c01b
45.497483,-122.601407,11.62987,"40",c2c41b19
45.519745,-122.612307,139.851039,"78",d67eb562
45.543919,-122.618832,0.41723,"72",4679afac
45.458166,-122.678554,71.089968,"9",8577cf23
45.470388,-122.629355,165.301445,"79",3ae9eca4
45.493174,-122.605002,183.801281,"82",21b5914d
45.467112,-122.677845,95.069762,"0",344b6067
45.533033,-122.607292,111.382656,"30",e95d7db3
45.51027,-122.643485,55.951378,"53",2cb092e2
45.510633,-122.590958,347.857056,"48","0e080798"
45.465757,-122.595145,106.980482,"44",fc16b2bf
45.534073,-122.641657,9.675834,"93","90d79357"
45.486453,-122.68355,59.852404,"49",8ea8ba2c
45.505992,-122.681088,135.428906,"56",9c87ae4b
45.442243,-122.576384,121.895339,"85",51ecb2c1
45.502667,-122.561573,218.233511,"31",879c5f3d
45.489812,-122.560926,71.715088,"47",c9827373
45.494503,-122.640861,175.53212,"39",fa12de74
45.533871,-122.483106,128.449932,"13",b5d6cc39
45.471202,-122.540255,157.211089,"29",9edf9897
45.448796,-122.639469,113.280685,"9",10f3157a
45.502893,-122.535721,157.528967,"46",bfcce017
45.497079,-122.649787,17.478239,"65",fdf15f3f
45.49857,-122.553379,95.32003,"77",c78702f6
45.547462,-122.642817,131.682777,"3",f9ff0a71
45.570106,-122.657276,113.700263,"14",c1fdeb09
45.582551,-122.685075,264.352894,"3",b29b2302
45.502647,-122.656979,35.904906,"82",baee0928
45.50765,-122.611203,169.923896,"36",f9bc7f11
45.49849,-122.647078,142.690771,"94",0bb0f20b
45.490431,-122.56393,166.617318,"43",a3a64ed1
45.558959,-122.469881,59.928915,"50",3ea7e855
45.54504,-122.537346,101.946387,"69",ef3b776a
45.53305,-122.475627,220.04015,"55",41b8de39
45.556217,-122.564187,235.127903,"66",6c01bcd1
45.469202,-122.650609,13.179265,"83",4f089e3d
45.565507,-122.619213,121.965673,"89",4c00de5f
45.487296,-122.671654,24.498733,"11",d4f157e1
45.465028,-122.672272,189.137752,"13",0c14b47f
45.477004,-122.667444,48.946548,"84",3ec75bc5
45.578248,-122.668356,129.628651,"0",e8b04401
45.449828,-122.685156,99.551486,"40",8a4c9be0
45.45156,-122.661305,51.083039,"9","66169715"
45.544016,-122.675474,56.42966,"31",304a191b
45.494118,-122.606619,124.429593,"95",391946a8
45.557855,-122.560902,274.578067,"96",2c282dd1
45.488418,-122.550352,79.235223,"30",55568f69
45.478775,-122.511798,142.625186,"18","1d173596"
45.517495,-122.559987,152.073068,"47",87d9d696
45.502203,-122.592345,44.416095,"53","80437939"
45.555909,-122.661286,115.155,"97",9c419dbd
45.469959,-122.657481,126.812935,"20",fbd118c6
45.499495,-122.591859,124.247106,"2",3e44bff9
45.581738,-122.649388,112.440971,"20",2e2552e3
45.503788,-122.662641,176.710431,"92",81e5cfda
45.557368,-122.55959,34.725166,"99","45872611"
45.509944,-122.454307,267.730448,"68",341000b2
45.575109,-122.633693,41.376941,"22","03043d04"
45.52024,-122.55607,130.205944,"39",c309dc4d
45.51367,-122.64522,216.740929,"78",f885b444
45.532536,-122.638765,284.29582,"54",977792a5
45.549688,-122.610546,119.447565,"11",f2a344c5
45.478924,-122.614184,43.679187,"87","773796e8"
45.532938,-122.647248,122.892679,"62",220bf04d
45.577045,-122.641775,198.277017,"96",0843fab2
45.471607,-122.646538,242.619144,"61",e6e26f05
45.491601,-122.632669,31.06917,"86",0cd1468c
45.486875,-122.65448,161.687471,"92",f456eaa5
45.537384,-122.683844,204.847672,"36",644b8247
45.500717,-122.663284,255.781379,"11",7f14602e
45.497551,-122.570455,130.237408,"26",253ef8bb
45.573525,-122.679024,73.205837,"80",18890ac8
45.55753,-122.566251,193.789263,"15",6baa3f86
45.450216,-122.642341,289.840699,"8",e9d9396c
45.545854,-122.568338,45.184903,"64",d825bd23
45.530112,-122.547123,34.427977,"90",ae818803
45.448376,-122.647666,0.223388,"66",3e585f1d
45.539603,-122.6429,154.913197,"94","65887402"
45.488646,-122.654851,55.529426,"97",465a9b2b
45.477074,-122.682688,6.454694,"75",fc8c48c8
45.572248,-122.643255,157.176481,"42",69e6bc83
45.595262,-122.510617,79.373808,"10",a0deec55
45.432286,-122.682502,98.789877,"78",f0b8ddbe
45.456257,-122.578096,370.968924,"56",86ad7917
45.531285,-122.679042,4.220293,"28",d886b5f5
45.531907,-122.650396,99.181076,"51",f0a5bc0b
45.523529,-122.618851,182.783302,"88",052e1494
45.513992,-122.674921,230.229748,"34",b1301051
45.613365,-122.574236,11.066695,"62",8c487ca3
45.585275,-122.560907,41.954974,"9",c0792111
45.487822,-122.615245,81.002137,"72",614cbe19
45.542791,-122.573394,226.936527,"61",d6c1325a
45.491047,-122.584806,59.818865,"0",df95a568
45.465048,-122.6431,143.475265,"40",0736d9ea
45.481512,-122.645056,49.286457,"38",d449b1fd
45.53923,-122.669521,297.968787,"24",d950ff76
45.552663,-122.556736,14.108197,"83",4ce79f4e
45.541647,-122.650158,133.549094,"46",9633b34c
45.594972,-122.657674,155.640823,"87",b47800c6
45.455912,-122.682724,241.912156,"97",9b347bc0
45.564239,-122.677272,96.455724,"69",5d241d5f
45.533898,-122.64213,115.471372,"40",1ddc3f99
45.540419,-122.637414,59.475887,"60",8c1dfa98
45.495856,-122.562005,70.286482,"95",32260bf3
45.573508,-122.564458,210.167262,"31",aea2e1b6
45.505506,-122.572975,65.897599,"47",a4d9e03d
45.510672,-122.527932,356.321333,"92",c0958e9d
45.592932,-122.643609,82.319004,"4",a899c187
45.537407,-122.641039,23.881783,"38",7b4a223c
45.499317,-122.586784,70.564605,"50",aac50933
45.516982,-122.659667,8.365177,"15",a4c96d6c
45.541963,-122.594706,138.895669,"20",85effba6
45.45163,-122.633529,175.429449,"32",f4a6cade
45.47591,-122.563158,81.638553,"66",bcf9af3d
45.464764,-122.558593,93.006278,"94",9a7cbd12
45.552556,-122.585344,46.240968,"75","51467e10"
45.469029,-122.541248,79.15229,"18",6d0c3670
45.507381,-122.650647,294.974508,"32",a5296cb9
45.504586,-122.684769,278.248097,"9",d9a63cb7
45.536176,-122.646058,54.67253,"20",20c75a1d
45.543028,-122.585826,22.55356,"34",fbaeb070
45.533706,-122.606442,4.248187,"91",42971b60
45.518751,-122.63533,38.379468,"61",1d0c8113
45.488255,-122.649929,256.513032,"69",4fe29eb1
45.473303,-122.642553,90.11413,"86",c9eea9ed
45.577277,-122.610052,128.108118,"64",9cf30bd8
45.551583,-122.544113,39.074746,"61",9cb6b085
45.526666,-122.550523,218.272513,"25",b1a2c527
45.500709,-122.595205,66.253841,"61",61feb00b
45.500138,-122.534462,128.151073,"45",1bb06587
45.488959,-122.682815,168.400188,"84",c0624261
45.512772,-122.580167,217.545749,"43",085ef0aa
45.570756,-122.55097,247.443874,"50",9e8dea68
45.520725,-122.572984,262.563375,"50",44d7f02b
45.558213,-122.68382,285.474354,"64",5e1c1a1b
45.481306,-122.578505,120.991371,"8",6d3a48c4
45.478825,-122.616949,123.825664,"7",e64495d6
45.463096,-122.643409,56.589541,"54",c78a3668
45.514429,-122.67002,216.503175,"3",5ad124be
45.464464,-122.64859,2.268805,"53",0f3c8c1c
45.516472,-122.673197,107.033593,"43",97a30506
45.495407,-122.680547,48.45051,"46",417a0017
45.547699,-122.632075,173.727472,"71",8b6b59aa
45.601825,-122.662908,45.048862,"14",29157b5e
45.590789,-122.656326,16.812567,"21",d23424aa
45.535311,-122.646551,122.192517,"34",b49549e4
45.498578,-122.656268,17.825819,"85",0138b9e2
45.564016,-122.64598,188.585476,"4",04f3248c
45.486125,-122.660332,151.60291,"9",adef0809
45.564247,-122.607309,85.23725,"44",27405d3b
45.576112,-122.607615,102.759457,"56",5c210619
45.535986,-122.621262,211.613907,"28",c2cc227c
45.459483,-122.581523,157.694582,"32",de75e54b
45.484624,-122.619704,16.935566,"63",0d8a3f50
45.551601,-122.605816,319.836204,"60",0d8a288b
45.533734,-122.619254,52.85519,"9",2ea9a75e
45.500235,-122.667306,141.169657,"33",111b4679
45.494304,-122.620084,74.829269,"67",d0e12f26
45.514675,-122.677462,139.321328,"17",3d03ffb5
45.580747,-122.64113,169.500215,"72",1ff572f7
45.520192,-122.617473,56.940959,"11",ca903e4c
45.468982,-122.621472,175.207427,"96",ead2386e
45.494907,-122.599727,49.016034,"33",dafe0f1f
45.510733,-122.626089,204.723741,"47",00736c36
45.44419,-122.558288,249.265657,"24",5527074b
45.544245,-122.619482,130.83021,"17",17175c2d
45.41518,-122.614612,148.975665,"31",f07fca9b
45.49952,-122.634505,110.136634,"39",cd5105ff
45.420562,-122.626799,98.863776,"61",b8d3f036
45.497478,-122.577334,109.962922,"82",067799c5
45.498575,-122.600595,103.274119,"45",e32ab76a
45.441813,-122.600554,40.335098,"42",6931db90
45.48714,-122.563993,157.437377,"10",54a6b86a
45.504082,-122.65084,102.289574,"7","30596498"
45.59438,-122.538852,53.901617,"62",b4b00560
45.499106,-122.637756,288.089775,"6",3948a3de
45.488376,-122.462169,24.454292,"1",508481da
45.564442,-122.604468,15.917121,"36",4330ca32
45.474882,-122.664197,116.669499,"72",07d53b61
45.454343,-122.670226,54.886066,"35",9caa49c6
45.46226,-122.579161,84.294061,"72",75d67d0f
45.556265,-122.667476,68.793653,"44",4318cfe5
45.511837,-122.656739,183.501359,"90",eab57c69
45.514584,-122.511193,30.658235,"33",8fcd7374
45.528711,-122.660028,11.141782,"12",2271ad13
45.496664,-122.642674,150.825159,"96",380eee28
45.500747,-122.66974,221.399387,"38",77f4a5e8
45.434004,-122.626788,109.77909,"88",c36c52ec
45.489586,-122.475486,100.361732,"47",fc3acd99
45.543005,-122.580219,49.479656,"47",f00e5d75
45.561109,-122.611194,189.442792,"78",4e69ef00
45.452504,-122.610791,177.240611,"61",e1073e8c
45.499855,-122.612655,242.564757,"94",e5c5dd4f
45.556052,-122.680701,136.630774,"8",0df77550
45.523127,-122.66113,192.701059,"16",9452267c
45.495979,-122.637103,112.17272,"67",e95d4225
45.578294,-122.591557,29.848692,"2",c1c84831
45.533091,-122.62624,11.550206,"77",4d3eb77b
45.504843,-122.607598,256.641632,"23",d9ed8f0d
45.469358,-122.676868,97.058984,"24",09605ccb
45.495508,-122.580165,118.270549,"3",3c1ca1c1
45.487772,-122.58187,174.60955,"13",f5f25927
45.547994,-122.555267,108.966391,"24",6f954d64
45.495289,-122.604989,117.268355,"21","486d8083"
45.464132,-122.565159,29.616806,"76",c6e5fbdd
45.517394,-122.62333,48.588515,"80",9b950e85
45.467942,-122.610472,9.589211,"43",07267d1b
45.534194,-122.551186,123.528872,"67","23429591"
45.517555,-122.646743,98.154349,"81",ffcbe592
45.43684,-122.592038,289.324684,"4",415bb054
45.599398,-122.589981,115.518252,"10",d04c7cc6
45.514129,-122.60381,55.119213,"38",dff275df
45.501516,-122.67559,225.295577,"39",4b6ce01d
45.443843,-122.671061,168.252275,"36",9f892f9d
45.534793,-122.648191,226.312946,"70",79d1bf7e
45.579784,-122.631834,133.417775,"88",ee7baae9
45.523371,-122.669164,121.813293,"16",ce69a015
45.488803,-122.616276,102.102502,"23",9df74951
45.516208,-122.634126,66.436545,"85",89e93deb
45.53567,-122.633382,35.055555,"76",f315df07
45.493321,-122.596035,141.575342,"18",38b3c4c2
45.520867,-122.640635,86.940561,"9",d6b91fb9
45.485297,-122.592227,308.863169,"89",cc4930de
45.494249,-122.528283,24.006115,"63",290fffbf
45.541623,-122.578114,70.444395,"58",113730c8
45.540637,-122.635841,25.644356,"53",2445def0
45.53771,-122.605482,146.395425,"15",9ee60a2e
45.503736,-122.614724,54.819123,"83",3dced5d1
45.464987,-122.575616,158.829554,"71",e511e4e8
45.520995,-122.602172,182.272364,"11",2278508a
45.502349,-122.634111,152.049131,"71",55fdc003
45.489487,-122.669778,55.456603,"65",3aa8faf0
45.549121,-122.683944,240.723633,"23",d0cf549d
45.510016,-122.62552,93.167877,"47",19a89dcc
45.466027,-122.667906,158.60098,"64",f3a9670c
45.493588,-122.618369,200.927015,"59",004cf78a
45.483563,-122.623072,49.855335,"50",93e10094
45.491684,-122.644457,1.524662,"89",48334f24
45.479366,-122.650112,31.678184,"24","81110e71"
45.480033,-122.666553,145.506243,"40",e651d487
45.512506,-122.567572,6.092931,"33",ae02c371
45.519568,-122.654172,42.500315,"25",9b5ec6ad
45.534369,-122.627806,121.219252,"74","7371e220"
45.563302,-122.666616,209.809992,"96",2511a02e
45.561578,-122.602673,111.833765,"64",06419acc
45.613508,-122.521739,117.212366,"77",faf67818
45.448149,-122.575947,157.717355,"31",f3e7e1d4
45.578446,-122.675539,10.323459,"68",ab511110
45.513,-122.649732,131.712363,"43",19cbbff8
45.58479,-122.671377,290.129218,"69",6a5fff2b
45.483334,-122.683868,86.131789,"39",fb1d35ae
45.539244,-122.673625,11.750541,"74",36ff5f82
45.540804,-122.6438,156.573926,"53",ce6563f0
45.459017,-122.585216,192.61422,"61",5f4b5fb2
45.487852,-122.649884,150.716556,"19",04cbf057
45.508578,-122.632756,121.545299,"68",91e46c42
45.538594,-122.624964,226.738689,"63",403a1e81
45.431172,-122.625792,27.65722,"57",4244da73
45.507557,-122.553375,61.372536,"81",6eaf1866
45.484326,-122.672062,86.140663,"31",bcb6142e
45.520987,-122.610048,44.447052,"82",efbe9146
45.593229,-122.667087,58.588294,"21",ac4bd8c3
45.448971,-122.554901,72.632383,"61",bfb4e9b8
45.53144,-122.566015,113.364056,"65",4977035d
45.437648,-122.590398,37.803251,"33",dc52e86d
45.502802,-122.679085,92.400836,"22",34e61324
45.476087,-122.564912,151.085105,"66",04dff7a5
45.591895,-122.561676,46.640233,"14",e8f04950
45.552278,-122.647463,97.350416,"81",45e06649
45.527021,-122.659769,56.907217,"76",f9c18ca0
45.490981,-122.521078,169.597589,"75",e4beff73
45.557478,-122.674198,131.688627,"97","82644211"
45.477886,-122.675499,18.492105,"58",ee7c05c8
45.514848,-122.571184,247.612914,"89",dfbbfd8e
45.477589,-122.648093,94.452025,"37",87a607b0
45.548159,-122.605692,20.442254,"94",9829ceaf
45.533169,-122.648921,192.428328,"70",93f86636
45.583087,-122.658248,19.473552,"44",aa38699b
45.551136,-122.596309,347.483604,"0",5b81f837
45.535205,-122.632489,17.804924,"93",52fe3bc4
45.54307,-122.678887,203.877429,"68",32e22509
45.532838,-122.636895,29.960244,"86",3dc236b0
45.517804,-122.557088,51.069497,"17",e19fc15b
45.500625,-122.654108,221.223553,"26",f67ac4e4
45.474925,-122.661449,181.002231,"28",16b67e35
45.586479,-122.653103,144.957653,"85",cc354463
45.517599,-122.59093,32.823594,"68","72676951"
45.527031,-122.605616,168.509976,"82",052690c9
45.482131,-122.667094,64.211159,"29",e6e1442d
45.544661,-122.662185,137.695463,"46",800ef27f
45.602139,-122.665216,143.426214,"33",aedc19dc
45.464009,-122.571292,213.507228,"94",8a2cf98b
45.523692,-122.587748,22.108219,"72",0712ced4
45.489421,-122.680404,130.530411,"45",3dbb56c0
45.559812,-122.645989,85.053536,"0",3511cfe5
45.533173,-122.641644,104.123011,"27",dd45d0b2
45.491223,-122.622878,96.667706,"25",988ee7c4
45.565992,-122.662043,298.760879,"59",c9160314
45.53517,-122.644234,14.336805,"24",546effae
45.535865,-122.554107,124.803031,"71",be404bcf
45.61742,-122.544383,16.548904,"4",df980f53
45.577066,-122.541649,95.561239,"44",7295e9fa
45.485412,-122.654638,28.844545,"6",eb82aee7
45.615558,-122.635835,242.98795,"45","7766d334"
45.5302,-122.581259,84.415549,"41",97ba0568
45.443933,-122.539122,161.827946,"47",abec15f8
45.577116,-122.557978,224.489636,"18",786f1cd2
45.54502,-122.619176,2.866524,"38",bd030220
45.461317,-122.638408,47.692143,"64",3e2aeb44
45.514548,-122.605405,271.875355,"38",f8c11f36
45.566594,-122.566774,108.568213,"1",b5cc5dbc
45.570375,-122.570818,143.438946,"6",e982b2ba
45.588234,-122.571234,77.667464,"46",2eb0993c
45.466852,-122.600497,151.12823,"82",2966fd51
45.539861,-122.61177,143.184484,"47",78635a28
45.506127,-122.615455,3.890381,"3",557f1c1f
45.566253,-122.68285,270.415838,"90",9abeae3a
45.602926,-122.555911,223.915869,"24",69ba41bd
45.5611,-122.632964,112.919669,"3",a6d33325
45.511114,-122.634109,164.362978,"63",67fb8196
45.545622,-122.683741,245.905083,"16",28a52ffb
45.529821,-122.676655,142.035446,"33",d181527e
45.569376,-122.651667,154.044965,"75",1324b5e2
45.4576,-122.540416,81.095027,"5",c21fe6f7
45.506317,-122.557735,9.748301,"51",841deba3
45.554908,-122.616179,68.829282,"16",693a1b49
45.524476,-122.632761,76.697579,"0",0f32ef57
45.463869,-122.667342,113.901751,"84",d488fe24
45.517747,-122.507472,99.113643,"25",1ee86716
45.5256,-122.589026,65.954193,"26",efccb263
45.507257,-122.628476,136.013601,"59",caa60542
45.500077,-122.574917,165.176337,"34",7609fd7a
45.50358,-122.658983,187.270437,"15",bfccbc65
45.534294,-122.612336,98.003984,"22",609d8eb0
45.534125,-122.641822,53.373582,"84",debf915a
45.507094,-122.621732,17.318299,"69",892a5c28
45.484422,-122.645907,92.517739,"9",a83f3a19
45.551087,-122.646556,34.995535,"20",e3e19f18
45.497001,-122.623097,122.534487,"35",6f886e1f
45.555841,-122.659652,146.438983,"25",75b04d40
45.473459,-122.653734,9.697343,"58",19f8b9b9
45.568516,-122.579544,18.275854,"20",eb8b83ae
45.532914,-122.613022,52.328159,"4",b57807b7
45.546621,-122.676963,245.139752,"70",37b64f28
45.545042,-122.633493,101.916152,"65",fc0dad68
45.560978,-122.622307,38.428169,"42",33c15c1e
45.598196,-122.595639,131.024407,"48",5464f762
45.65126,-122.543922,262.281384,"51",a9a2d211
45.463941,-122.663868,262.445691,"94",392c958e
45.507887,-122.617403,262.071278,"74",9152f5c0
45.540066,-122.54998,64.883462,"87",18ac9c7e
45.479831,-122.680194,207.377454,"81",b4b16f14
45.502057,-122.640188,50.268892,"5",6aad52bc
45.570546,-122.662884,92.438526,"28",1e75c5a4
45.512095,-122.564928,85.118693,"66",683b2108
45.497398,-122.618395,56.466239,"58",b431e7c2
45.548129,-122.654233,19.009305,"46",5810e2db
45.548468,-122.582385,45.537776,"85",3e0486a4
45.473563,-122.663582,89.19489,"59",b30de30d
45.47111,-122.635528,59.373007,"48",8a6007cb
45.472479,-122.610922,140.707081,"5",343746eb
45.508304,-122.6084,173.639704,"20",80fecfb3
45.412936,-122.601905,73.485066,"65",ecaa462a
45.470874,-122.663592,36.008692,"22",f85d243d
45.474322,-122.6545,184.049934,"57",287941a8
45.551549,-122.592962,47.282248,"91",714f68b9
45.552797,-122.625974,180.211427,"40",aac8f448
45.476795,-122.669997,120.206543,"59",667edf57
45.514141,-122.588956,144.733389,"42",c64f6f3a
45.532593,-122.64534,0.497703,"53",a6b44a55
45.536305,-122.56803,190.749243,"72",84a45708
45.517058,-122.600612,133.897066,"58",dd99b8b6
45.575173,-122.682669,4.799711,"51",04fb8bfe
45.478509,-122.68032,66.607993,"42",7a2d2205
45.462023,-122.58016,50.741347,"74",5a408cd9
45.549483,-122.66431,54.034322,"76",fdd6d5e3
45.498412,-122.616931,64.296076,"61",5c1c52f7
45.505118,-122.590439,213.544649,"67",b00968df
45.44015,-122.581184,96.3919,"69","99233782"
45.516457,-122.679804,84.610676,"11",30ef27a3
45.48831,-122.623507,113.815976,"10",c95aa9a1
45.523346,-122.681765,20.04874,"98",f07c910e
45.555055,-122.62677,17.212183,"16",c22001bf
45.477633,-122.61275,35.838522,"75",2816a6b4
45.544645,-122.602876,194.594774,"77",4366f65b
45.554726,-122.597834,186.203653,"13",c2a031e0
45.504207,-122.597483,40.570675,"89",d15b533b
45.506654,-122.655448,138.904957,"64",7d7a272f
45.49371,-122.685057,17.404635,"95",f42994a6
45.569782,-122.680083,57.786798,"83",1059b67f
45.44559,-122.607874,184.520069,"95",4ecac61a
45.561283,-122.682124,52.288784,"35",c0bd35f4
45.512011,-122.676811,57.130663,"29",0fae8a28
45.479675,-122.46153,13.678889,"24",a5674ab1
45.538888,-122.639403,61.406525,"81",746c0cfa
45.555367,-122.595421,24.522034,"93",c5543c08
45.49326,-122.58566,41.289453,"95",b9a45370
45.509764,-122.651151,82.124313,"54",846bcbfd
45.475378,-122.646823,137.793793,"84",98eeb996
45.553965,-122.561295,141.371364,"62",c5e061d4
45.470355,-122.66944,178.388965,"96",6131f0af
45.481285,-122.570453,2.583101,"88",94220d7d
45.540215,-122.624409,199.090869,"34",b481f9f3
45.520829,-122.613552,39.619111,"2",1357062b
45.505365,-122.544902,147.702047,"58",ac5598c5
45.446249,-122.583058,73.077076,"96",9a3d2fed
45.479866,-122.61744,31.62864,"6",45e361f1
45.566543,-122.505663,9.561258,"9",43bfec70
45.518671,-122.548687,113.056993,"96",a83efc8f
45.555948,-122.67214,158.617538,"58",432fb1ea
45.528659,-122.679294,211.097721,"74",bc36de33
45.512828,-122.605343,138.093368,"93",4a5e0a8c
45.483933,-122.568676,97.264912,"52",13ca8575
45.539965,-122.596902,243.496039,"89",6c612f91
45.569035,-122.661913,18.044991,"91",1267171e
45.568346,-122.647624,71.151272,"93",b44b374b
45.514815,-122.620335,260.171523,"95",c7023685
45.489688,-122.669844,51.333486,"41",ae86b186
45.503832,-122.607467,31.966273,"80",b30b0a69
45.541466,-122.681646,95.115717,"36",6153b10e
45.548511,-122.651,67.923688,"24",3e40635a
45.514159,-122.620136,17.720685,"15",e34d92bd
45.523199,-122.672878,62.362107,"9",ebf3f421
45.487306,-122.546472,201.153523,"4",2a188bf2
45.503774,-122.662935,2.402569,"21",147bf510
45.51769,-122.614183,69.362523,"23",856b2474
45.534514,-122.606787,133.978961,"91",9666e2d6
45.513356,-122.535261,86.919316,"14",dc82a966
45.576135,-122.655622,264.043747,"84",e1a617ec
45.504514,-122.630972,127.332924,"31",f714be52
45.496092,-122.564562,7.412446,"71",c3bd2c7d
45.55843,-122.647343,130.135036,"80",766d74ce
45.524542,-122.681215,399.407902,"10",2a0f63d1
45.484701,-122.661159,26.46427,"12",cdc30938
45.58212,-122.548295,145.625489,"76",9df1c81b
45.597499,-122.633781,280.792633,"73",0048732e
45.590749,-122.675936,80.943842,"18",515c51a2
45.433264,-122.606116,233.347549,"16",e75eacfc
45.495393,-122.613762,261.360133,"49",9afa3156
45.610656,-122.638025,196.185954,"31",1882f25a
45.551432,-122.634185,137.772507,"93",9e4c76c0
45.579619,-122.613543,66.567469,"69",40a80e0f
45.502072,-122.55041,121.524711,"88",4326d6a9
45.554889,-122.605923,98.29346,"28","0e578727"
45.516976,-122.611362,235.155451,"97",b727066b
45.542536,-122.481421,151.297576,"1",dd6888f5
45.539043,-122.578827,181.286028,"10",20dd4a2c
45.511921,-122.641142,77.864878,"45",4cff7410
45.535673,-122.629105,1.644086,"3",5018faca
45.525999,-122.598816,63.005668,"69",598edb62
45.471858,-122.677987,20.120608,"66",742e592a
45.479369,-122.53009,84.192579,"95",4c57c120
45.481177,-122.551792,54.262265,"42",40bc1fc5
45.539424,-122.653373,224.334437,"91",b0f8ffb6
45.568184,-122.659198,11.472783,"58",f4bc61a8
45.561345,-122.599112,56.236274,"64",9949daec
45.544834,-122.560517,87.180558,"62",b36dfcf2
45.541138,-122.540909,48.734284,"31",f55df697
45.525154,-122.646585,50.730292,"49",a99bc712
45.577987,-122.651496,156.489903,"23",be874182
45.578616,-122.588264,57.281629,"36",9bd57d49
45.544721,-122.531949,298.293808,"60",1cb96b1d
45.54292,-122.68397,2.280407,"37",68d3e859
45.582703,-122.583553,132.721376,"10",b668c81e
45.465092,-122.585419,15.300249,"20",53fc95d5
45.476424,-122.608812,53.700561,"39",f3f49742
45.572765,-122.463549,123.066067,"59",8d91c375
45.519151,-122.660478,299.656504,"15",c5f9ac13
45.488508,-122.650814,86.752217,"99",8bbe29b4
45.50792,-122.572364,238.002774,"70",cc603869
45.451009,-122.597043,110.451694,"76",3a5457d1
45.539555,-122.664208,42.503709,"28",a9562474
45.552053,-122.547097,262.303072,"63",59b14850
45.478086,-122.588636,14.500558,"13",80190c64
45.494068,-122.655783,232.750296,"36",5543bd8c
45.503177,-122.659779,137.605011,"38",d4ab8e84
45.483442,-122.619839,21.088072,"24",39b812e3
45.478692,-122.600603,6.783461,"67",d53ae4c9
45.543672,-122.541488,27.93009,"50",db86ea5d
45.56036,-122.602425,212.472615,"11",9fc6c729
45.458915,-122.641918,124.164838,"52","654935d3"
45.449998,-122.530074,72.524529,"58","1779e592"
45.572104,-122.653074,17.845119,"21",bc0e8e78
45.512155,-122.625549,134.570513,"92",3cb0415f
45.487906,-122.619719,160.703077,"85",762b7af4
45.537291,-122.651695,46.002321,"66",77d2dd09
45.588151,-122.537122,141.177429,"23",686f4644
45.522733,-122.645764,250.075255,"7",17b59c8c
45.512906,-122.598588,327.262752,"26",89e61791
45.417973,-122.670993,16.834473,"98",1cfe8ac8
45.545368,-122.624361,110.888638,"42",cf8cb0cf
45.552076,-122.658198,87.072541,"17",80e2d123
45.509007,-122.636547,111.753169,"15",520bc375
45.475955,-122.623909,84.951169,"4",cefc4255
45.484619,-122.500599,120.302366,"31",3d5347c0
45.517714,-122.677621,36.603673,"46",61b52508
45.483028,-122.642307,296.980419,"29","71659230"
45.512105,-122.600935,122.778193,"67",7d1d87b3
45.523259,-122.65185,197.336411,"51",5e5c28af
45.509465,-122.672609,82.991625,"70",053c9b0a
45.491502,-122.672554,48.240822,"14",8645eca0
45.49953,-122.432164,164.45969,"13",87ba8c5d
45.556369,-122.553141,111.290608,"54",a77b816d
45.538149,-122.622439,85.658082,"87",f7bf615d
45.490033,-122.577231,153.537791,"59",c3f522a2
45.527351,-122.587374,64.101322,"2",99141b1f
45.561288,-122.560353,49.852805,"26",5257c46d
45.522392,-122.637858,200.360506,"57",71c5a71c
45.453517,-122.505599,256.423748,"85",449d26b6
45.451257,-122.606393,183.376327,"85",a4c3231e
45.5813,-122.608363,71.134731,"61",d2e1b870
45.464942,-122.663367,70.743427,"94","62527137"
45.552508,-122.5156,190.38721,"97",31cf963a
45.512115,-122.653751,84.079475,"45",7e64324d
45.531728,-122.532849,201.136143,"75",0eeb4d2b
45.535895,-122.675983,124.081363,"84",ec03c885
45.527778,-122.647986,137.896319,"4",263d71d1
45.499442,-122.595082,118.184993,"80",bd33fa84
45.445114,-122.61245,62.479422,"95",5c1224d5
45.589559,-122.662411,117.30594,"59",18fd3562
45.572265,-122.584589,2.00079,"58",8a0099e4
45.588494,-122.628501,35.823029,"77",cf8a12fe
45.596213,-122.627111,26.505823,"48",c3d11730
45.476391,-122.678968,181.810074,"21",330f8c3d
45.572305,-122.567657,19.142239,"55",3987b112
45.555008,-122.537171,115.96009,"87",9c0da3e3
45.487392,-122.515216,273.757115,"42",86effde7
45.526214,-122.631948,1.308277,"75",1b09ec0d
45.446792,-122.582709,135.083563,"36",f909e8c1
45.443652,-122.652789,25.534387,"11",a961eb5e
45.578439,-122.638013,33.377794,"46",847981ba
45.464917,-122.59358,0.136396,"24",24ca63dd
45.545603,-122.641876,91.891876,"35",34d24cdd
45.547007,-122.672431,20.426191,"44",0bb98954
45.442087,-122.656962,59.950032,"43",0df71437
45.529593,-122.668463,2.384688,"71",832bcdcd
45.5165,-122.646853,372.31865,"59",4ca0ef34
45.453482,-122.552281,134.311446,"30",e93864cd
45.450976,-122.580448,66.509816,"51",a59070e1
45.479303,-122.602149,210.957483,"45",f608d8a4
45.529158,-122.65834,155.277463,"22",bd7a9ac8
45.455486,-122.671523,68.482797,"18",5d286cf8
45.494005,-122.611699,82.201049,"69",f168eaf3
45.503023,-122.661171,1.565242,"73",29b6a097
45.512815,-122.636948,204.428803,"97",3612b1c0
45.581103,-122.551691,125.587342,"11",a4156e1a
45.560596,-122.641201,293.030707,"49",e694bf2c
45.449291,-122.665247,41.531982,"60",7758a59e
45.455787,-122.559548,101.698766,"27",cfbafd2d
45.503786,-122.643071,98.202892,"31",1b15284d
45.539355,-122.682463,289.048644,"57",f19eb568
45.542846,-122.683231,115.975065,"85","44803132"
45.6099,-122.659354,6.664166,"23",a2460c5d
45.556207,-122.645962,221.547969,"62",cfc4fbf5
45.460937,-122.673086,24.814216,"94",820cfb06
45.534958,-122.529048,89.159821,"3",439d22ad
45.486579,-122.605242,13.454947,"22",1660db4c
45.541862,-122.57484,53.98744,"58",ed718539
45.426434,-122.609719,29.868445,"47",fc197881
45.54207,-122.616421,172.694651,"52","7d612617"
45.550826,-122.547986,132.596701,"84",be7839f1
45.461352,-122.638653,15.019201,"64",610c2771
45.45462,-122.647046,61.525998,"91",bbf7aad7
45.487646,-122.656506,96.508153,"21",f1054ec9
45.553931,-122.569265,22.775949,"21",8579dc2e
45.523936,-122.591088,131.156141,"88",cb2f7ade
45.572474,-122.683271,285.018029,"39",5a06889a
45.45667,-122.600879,107.48537,"36",f5d9aa3a
45.537298,-122.60567,222.221373,"67",f6ff3b20
45.458377,-122.584659,289.052396,"10",609fd34a
45.563779,-122.561246,183.657832,"15",41f7d58b
45.529331,-122.664054,294.279802,"58",96d899ab
45.543177,-122.640479,49.934362,"52",c6477f84
45.455263,-122.626338,107.074894,"99",aca015c4
45.478043,-122.664011,215.606805,"5",7db75e41
45.518146,-122.649246,124.266866,"37",8a6aade0
45.472806,-122.635007,54.912653,"67",f95ea2df
45.509203,-122.638363,27.419058,"38",af02e29b
45.532113,-122.600781,138.461756,"55",ef2ff6c2
45.514742,-122.579108,170.247753,"35",bdf2affc
45.515268,-122.665774,91.931458,"93",7a87e6ec
45.509148,-122.646731,106.795179,"99",cea8fda4
45.538117,-122.512405,46.002941,"73",e88e702d
45.503341,-122.645088,136.319861,"95",32eb74a8
45.566064,-122.557343,43.396886,"27",243b78ea
45.584042,-122.659107,12.399884,"34",95d353af
45.534771,-122.581501,139.924163,"96",d283da2c
45.629041,-122.616874,154.593474,"46",cbdfbc55
45.547797,-122.625279,179.641976,"99",2ba02fda
45.520975,-122.63705,244.581542,"68",c89b6927
45.563916,-122.614693,27.866293,"81",efeec9fc
45.508196,-122.568181,45.667839,"30",289bf65d
45.462954,-122.557929,98.226364,"42",947dfd8b
45.573812,-122.605124,46.012517,"55",879e23d1
45.537405,-122.514035,211.395774,"77",30f983cb
45.518385,-122.662486,30.725292,"44",330f111a
45.551437,-122.65565,52.031668,"92",8acaf431
45.51209,-122.656975,94.350167,"86",dc1c0a57
45.503061,-122.544667,285.646941,"40",5c9cd56d
45.509821,-122.68177,47.857839,"77",ecc4f2ef
45.454142,-122.611807,14.195511,"17",a28b1430
45.484864,-122.622259,14.064168,"16",201c907a
45.533701,-122.608552,285.978514,"32",8fd2b11c
45.508706,-122.670915,53.744849,"86",ac884589
45.548277,-122.684828,159.734713,"63",9e962679
45.548576,-122.64946,152.566048,"90","57323704"
45.489109,-122.626984,365.178334,"64",7ba9aac3
45.495095,-122.586135,145.789532,"99",e7cdea55
45.612085,-122.577153,98.124347,"81",177cc4f2
45.491171,-122.663421,2.289107,"66",d682219d
45.567392,-122.599672,37.804646,"67",9502646d
45.598167,-122.679427,85.945487,"3",7edefed0
45.51818,-122.542575,25.419623,"38",5620ba7f
45.510259,-122.518353,41.86479,"69",4e253ade
45.560764,-122.650106,214.919717,"28",fff9bceb
45.514909,-122.633199,110.801556,"85",b9595e46
45.584662,-122.678311,261.536073,"10",acf83b35
45.443415,-122.616983,9.79454,"63",caa473ae
45.524618,-122.566371,4.933218,"54","02d77778"
45.533028,-122.62744,200.328683,"97",2ad0875f
45.499443,-122.650402,161.33255,"88",9f3264ed
45.491172,-122.665938,39.478832,"95",f2095823
45.524806,-122.676514,88.419943,"6",355b9d45
45.542995,-122.62059,21.123701,"13",bcd3332d
45.479538,-122.607011,235.291828,"87",adf6efa0
45.526439,-122.584839,3.024036,"79",161cc744
45.509278,-122.644791,81.64221,"35",4adafcf0
45.460645,-122.66817,65.563043,"65","73052252"
45.526935,-122.637829,24.997662,"41",89eb8ee8
45.50688,-122.55683,132.335751,"37",4df0bf34
45.464328,-122.507822,65.648017,"30",3a6a410d
45.572555,-122.479706,70.813172,"86",e5418f63
45.461916,-122.67395,134.440826,"17",f93159f0
45.564965,-122.597037,175.784662,"40",927b7320
45.540764,-122.592498,209.11438,"29",7a300094
45.546016,-122.617219,113.170688,"11",453ca05e
45.584152,-122.467886,131.827088,"24",75ec1991
45.526322,-122.68117,341.905689,"93",10be95a9
45.550568,-122.679722,275.136812,"59",bf7654e9
45.60716,-122.66425,189.99339,"96",abedb930
45.541789,-122.630572,67.470041,"73",3e1ba7e3
45.559647,-122.670544,152.789304,"67",bedff97d
45.4299,-122.663632,2.606745,"37",c5b73bdc
45.570457,-122.663916,7.103475,"35",68e4bf54
45.452421,-122.638585,137.314455,"74",5c3d48a6
45.526148,-122.516061,267.853469,"34",420d3d34
45.524765,-122.675674,23.558794,"18",ea93362b
45.502002,-122.653609,43.837269,"89",55ed1266
45.504707,-122.61131,86.504924,"50",cfb7bf55
45.563679,-122.680638,77.473598,"5",1d70d9ed
45.526057,-122.633856,1.415691,"26",526b6b2a
45.518076,-122.663351,56.288778,"56",159bae6e
45.504401,-122.672783,212.327541,"80",f7c29d5a
45.55486,-122.577241,97.917024,"91",1deb9d44
45.518576,-122.67793,89.364463,"97",c4ac2e15
45.498744,-122.640607,37.142976,"40",9798ee61
45.559722,-122.590321,118.363264,"31","31580975"
45.472061,-122.544395,68.090279,"10",4c7f8211
45.537449,-122.639558,195.405465,"2",0922f1f5
45.458995,-122.662553,13.439273,"69",b06aafdd
45.507568,-122.589204,160.245358,"35",8928866d
45.530587,-122.568918,214.50448,"47",d832945e
45.554916,-122.432411,64.852815,"46",5de6c1fd
45.500487,-122.653983,245.742527,"97",ff2bc1d3
45.43852,-122.621218,111.031358,"20",923915ec
45.51869,-122.583538,178.552844,"80",3bb42386
45.501486,-122.643602,90.176675,"17",99445bf4
45.502942,-122.642172,142.789898,"25",10bcf085
45.484736,-122.671641,57.512139,"41",d7394cc6
45.499342,-122.515101,196.455084,"28",150ffcb2
45.516832,-122.653832,68.319728,"37",4afab52a
45.512369,-122.556909,58.443861,"38",39099bca
45.515669,-122.682136,29.656297,"29",8b78f87d
45.489299,-122.626694,107.362676,"80",7a7a7234
45.47485,-122.592562,224.045401,"13",623dbb10
45.482436,-122.594583,78.857739,"67",ed0d2a57
45.528091,-122.610877,158.122407,"5",68d26ff6
45.566656,-122.557369,36.719101,"23",bbff5801
45.456195,-122.569108,224.995764,"20",a25e41e1
45.529379,-122.614147,12.514635,"46",05c865b6
45.561513,-122.588909,222.856236,"68",db0898ef
45.518424,-122.473372,29.596433,"25",2cc5cc95
45.465738,-122.517531,250.392997,"59",50a9b4e6
45.544941,-122.558631,101.963034,"48",4ccfceca
45.507766,-122.674965,89.149853,"87",8262ed75
45.61145,-122.551023,160.334854,"46",8d585f0a
45.543376,-122.649825,109.369786,"65",648d9b0b
45.606547,-122.563206,130.273052,"61",82af3b69
45.404983,-122.564782,132.612725,"13",5473a94b
45.593605,-122.566517,101.362101,"85",40b7ad99
45.519369,-122.622304,35.072919,"60",d2937945
45.520638,-122.623933,83.726122,"11",9d4b006f
45.499277,-122.682368,81.034589,"40",9a9a25a6
45.546589,-122.602687,25.760029,"1",17818fa2
45.49529,-122.549942,51.79527,"47",3d6c3df3
45.474069,-122.67599,13.479607,"30",9a90b9ef
45.562896,-122.626241,124.294387,"89",c5114e37
45.577054,-122.648919,111.535526,"68",d5e25f79
45.569589,-122.682148,180.754797,"1",206056c8
45.509357,-122.638256,184.522573,"68",9325a00a
45.523401,-122.652245,235.193173,"48",3b4fb640
45.489027,-122.587229,31.897046,"78",d58da2f6
45.556013,-122.614471,56.88174,"25",c5dfa284
45.541559,-122.639762,81.610754,"17",72092c5d
45.533118,-122.617941,195.577043,"16",d77931ba
45.473565,-122.537636,230.400504,"61",08297f05
45.495074,-122.627508,3.815941,"79",95c5a2bc
45.468698,-122.50681,84.538867,"38",5a9ebf68
45.513517,-122.619104,64.462386,"25",b392cc2d
45.55291,-122.581486,121.442707,"8",2a9b976a
45.575164,-122.662644,118.707597,"19",f5bef688
45.541703,-122.680703,260.913389,"50",953c0487
45.481603,-122.624306,68.758983,"86",541db431
45.486557,-122.57716,271.615587,"3",e2b8c04b
45.624585,-122.657334,224.463407,"75",6aa26e9b
45.501577,-122.613434,91.990202,"61",0cb20ed8
45.562331,-122.65394,142.52403,"56",139ba182
45.483121,-122.62967,131.5942,"5",21ab2ac8
45.487166,-122.628112,111.92408,"8",41d0b783
45.570055,-122.532905,42.86298,"73",ccb9507b
45.456367,-122.622565,114.501081,"59",872a3121
45.475063,-122.562785,139.636304,"45",a3aab380
45.499162,-122.638308,287.675042,"15",cd12a14c
45.502849,-122.666513,3.071602,"39",913e236a
45.527932,-122.674909,110.546792,"92",d645381a
45.553989,-122.682387,258.5098,"26",b8702fda
45.473164,-122.617055,6.972276,"82",127e272e
45.499472,-122.550417,63.324437,"70",50a739a1
45.526285,-122.651541,265.05643,"56",5763e2db
45.53007,-122.683104,121.07337,"13","782656d9"
45.569672,-122.604262,152.18754,"15",1c2165c8
45.494014,-122.656647,196.930233,"76",35ad217c
45.592469,-122.618651,95.34421,"40",2b8a8841
45.446567,-122.664719,129.091053,"73",cf2efca2
45.517682,-122.668207,122.478053,"35",a538b12b
45.49225,-122.60182,19.43792,"69",b313feba
45.535962,-122.600793,220.866819,"93",e1864ddd
45.577662,-122.625154,149.487833,"71","80980121"
45.464327,-122.5959,30.127303,"19",ebc68a4f
45.617875,-122.527225,5.873078,"58",3d57d050
45.485158,-122.613189,70.073545,"95",f1643ac7
45.503963,-122.67938,111.440498,"12",0bfe5e8a
45.455866,-122.572911,190.085375,"75",233df7d7
45.510182,-122.661819,130.284743,"88","54303102"
45.465867,-122.67677,61.263109,"97",aa851439
45.514651,-122.645397,97.280272,"28",c575c8be
45.506419,-122.680512,15.656168,"52",2436013c
45.560736,-122.67446,230.774198,"75",b34cada3
45.529872,-122.579996,36.928581,"59",e1d435b7
45.53629,-122.66573,375.722737,"78",212907ad
45.531975,-122.657859,153.393509,"41",5fde8f92
45.478011,-122.6533,58.843958,"34",4e4de3eb
45.507448,-122.532765,113.448688,"42",4676b91e
45.505848,-122.661583,10.86679,"20",94e3dc3f
45.558694,-122.647955,94.531917,"44",d5eb9091
45.482963,-122.683372,189.29258,"28",c4f8f9a6
45.504958,-122.615153,25.605009,"29",58efb823
45.579776,-122.611195,118.016592,"73",5a2be414
45.514039,-122.622989,111.776511,"80",b3cac0a5
45.579165,-122.628453,120.22221,"24",6947db8c
45.579844,-122.540933,42.000694,"82",9c35e49f
45.452733,-122.486772,70.195633,"56",d96dedab
45.542897,-122.582691,239.258183,"55",42d4e128
45.548808,-122.608338,71.84648,"25",b1411c40
45.553497,-122.682092,87.016727,"64",82bf53f2
45.481017,-122.491511,72.268045,"13",596dd5a7
45.453956,-122.570631,185.816311,"41",8a056400
45.529765,-122.454692,257.864285,"2",f0449cf5
45.508201,-122.596079,140.819389,"51",a6f96c59
45.497877,-122.664423,34.93751,"52",2404de8b
45.556928,-122.591715,51.433826,"55",6f6c94e0
45.424523,-122.617785,55.379317,"57",774b8188
45.511941,-122.636153,23.266466,"29",9b12d57d
45.484716,-122.551155,131.707645,"66",eb2b0371
45.515428,-122.643486,278.817301,"54",c50fd194
45.5217,-122.679304,83.28552,"6",93163f2b
45.567019,-122.673117,85.219889,"42",8045051a
45.503125,-122.598826,143.860504,"85",54d14da8
45.589486,-122.67425,119.117775,"94",aa28e9a9
45.525186,-122.588229,102.527994,"58",a95ba6b7
45.531315,-122.647714,43.390379,"78",6b4e955b
45.490685,-122.65717,168.283852,"15",507dd12b
45.508864,-122.523918,209.476197,"10","22282400"
45.498544,-122.580237,165.203534,"34",d8984496
45.497282,-122.533495,23.633026,"47",ddc6024e
45.494509,-122.605504,25.384211,"81",ee8af0db
45.536722,-122.632938,356.495542,"35",69bc14dd
45.589734,-122.587814,74.440968,"77",c0cdebec
45.428061,-122.540277,65.391268,"82",067c1da5
45.521439,-122.61977,40.91381,"17",ea1d7055
45.541828,-122.630782,8.553976,"84",a8adbf1c
45.469723,-122.588824,144.31261,"21",66c5b00b
45.541676,-122.682056,94.038296,"76",e39364f5
45.577642,-122.623969,114.493057,"3",4924cc84
45.498413,-122.62531,200.297227,"62",f87107a2
45.444551,-122.495472,81.864819,"28",e2cc8fd9
45.498545,-122.586701,61.849781,"79",2fc143e1
45.467047,-122.601459,24.877774,"68",e4584767
45.496093,-122.596183,32.523681,"63",d51a2aec
45.547406,-122.649518,109.018713,"89",f79077d9
45.463509,-122.650179,160.484096,"19",3ee67938
45.482823,-122.644991,60.158552,"58",5b4ba44c
45.516886,-122.631401,65.580021,"47",65acd6aa
45.503788,-122.619404,14.100047,"52",e1dc4d78
45.543667,-122.586424,88.569211,"26",ad244f5a
45.436247,-122.606759,129.69022,"9",a4e15ab1
45.52365,-122.617616,123.923251,"2","49045854"
45.550689,-122.676659,156.696769,"43",74971eeb
45.488017,-122.673683,156.811711,"58",39c3c775
45.577827,-122.678111,110.021612,"1",55904c69
45.544841,-122.585467,5.307179,"62","62168253"
45.473685,-122.685085,66.620206,"78",8b6ea376
45.483522,-122.546538,255.254298,"0",ba965305
45.567613,-122.628778,182.185817,"28",9873b02e
45.523799,-122.639946,164.703238,"96",698cd0a6
45.591636,-122.633668,19.594487,"58",f6c49d19
45.527889,-122.601295,7.774285,"75",292f6dc2
45.548563,-122.657108,233.657412,"10",3e3da1f2
45.544772,-122.588582,222.642712,"14",fe54b63a
45.517803,-122.661438,103.216878,"25",75377a43
45.541553,-122.631454,5.751551,"64",166fbfe8
45.58061,-122.682344,70.070842,"62",a4567ca2
45.495506,-122.569092,57.635596,"37",bd1995e4
45.504151,-122.60603,59.808772,"15",29cecd56
45.533386,-122.675152,45.719345,"50",e81e0173
45.502568,-122.610247,148.203762,"60",0e618d15
45.547874,-122.591017,56.413954,"84",6500853d
45.472362,-122.677325,114.484798,"63",cbe1b02c
45.506726,-122.621047,171.685516,"74",87b96fa8
45.494122,-122.651278,137.464685,"31",3d3520a7
45.47474,-122.670857,40.240517,"20",2333b663
45.515522,-122.604761,26.549516,"61",4db01216
45.419044,-122.592992,67.044248,"62",e526412d
45.478697,-122.659104,130.277259,"17",f882787e
45.557668,-122.67975,0.847596,"65",552f2f38
